[{"product_id":"CHB266","product_name":"Trek Superfly 20 - 2018","brand_name":"Trek","category_name":"Children Bicycles","model_year":2018,"list_price":399.99},{"product_id":"CHB267","product_name":"Trek Precaliber 12 Girl's - 2018","brand_name":"Trek","category_name":"Children Bicycles","model_year":2018,"list_price":199.99},{"product_id":"CHB284","product_name":"Electra Savannah 1 (20-inch) - Girl's - 2018","brand_name":"Electra","category_name":"Children Bicycles","model_year":2018,"list_price":319.99},{"product_id":"CHB289","product_name":"Electra Superbolt 1 20\" - 2018","brand_name":"Electra","category_name":"Children Bicycles","model_year":2018,"list_price":319.99},{"product_id":"CHB291","product_name":"Electra Sweet Ride 1 (20-inch) - Girl's - 2018","brand_name":"Electra","category_name":"Children Bicycles","model_year":2018,"list_price":319.99},{"product_id":"ELB195","product_name":"Electra Townie Go! 8i Ladies' - 2018","brand_name":"Electra","category_name":"Electric Bikes","model_year":2018,"list_price":2599.99},{"product_id":"MOB1","product_name":"Trek 820 - 2016","brand_name":"Trek","category_name":"Mountain Bikes","model_year":2016,"list_price":379.99},{"product_id":"MOB121","product_name":"Surly Krampus Frameset - 2018","brand_name":"Surly","category_name":"Mountain Bikes","model_year":2018,"list_price":2499.99},{"product_id":"MOB125","product_name":"Trek Kids' Dual Sport - 2018","brand_name":"Trek","category_name":"Mountain Bikes","model_year":2018,"list_price":469.99},{"product_id":"RDB154","product_name":"Trek Domane SLR 6 Disc Women's - 2018","brand_name":"Trek","category_name":"Road Bikes","model_year":2018,"list_price":5499.99},{"product_id":"RDB316","product_name":"Trek Checkpoint ALR 4 Women's - 2019","brand_name":"Trek","category_name":"Road Bikes","model_year":2019,"list_price":1699.99},{"product_id":"RDB317","product_name":"Trek Checkpoint ALR 5 - 2019","brand_name":"Trek","category_name":"Road Bikes","model_year":2019,"list_price":1999.99},{"product_id":"RDB318","product_name":"Trek Checkpoint ALR 5 Women's - 2019","brand_name":"Trek","category_name":"Road Bikes","model_year":2019,"list_price":1999.99},{"product_id":"RDB319","product_name":"Trek Checkpoint SL 5 Women's - 2019","brand_name":"Trek","category_name":"Road Bikes","model_year":2019,"list_price":2799.99},{"product_id":"RDB320","product_name":"Trek Checkpoint SL 6 - 2019","brand_name":"Trek","category_name":"Road Bikes","model_year":2019,"list_price":3799.99},{"product_id":"RDB321","product_name":"Trek Checkpoint ALR Frameset - 2019","brand_name":"Trek","category_name":"Road Bikes","model_year":2019,"list_price":3199.99}]