[
  {
    "product_id": "CMB314",
    "product_name": "Electra Townie Original 21D EQ Ladies' - 2018",
    "brand_name": "Electra",
    "category_name": "Comfort Bicycles",
    "model_year": 2018,
    "list_price": 679.99
  },
  {
    "product_id": "CMB315",
    "product_name": "Electra Townie Original 21D Ladies' - 2018",
    "brand_name": "Electra",
    "category_name": "Comfort Bicycles",
    "model_year": 2018,
    "list_price": 559.99
  },
  {
    "product_id": "RDB316",
    "product_name": "Trek Checkpoint ALR 4 Women's - 2019",
    "brand_name": "Trek",
    "category_name": "Road Bikes",
    "model_year": 2019,
    "list_price": 1699.99
  },
  {
    "product_id": "RDB317",
    "product_name": "Trek Checkpoint ALR 5 - 2019",
    "brand_name": "Trek",
    "category_name": "Road Bikes",
    "model_year": 2019,
    "list_price": 1999.99
  },
  {
    "product_id": "RDB318",
    "product_name": "Trek Checkpoint ALR 5 Women's - 2019",
    "brand_name": "Trek",
    "category_name": "Road Bikes",
    "model_year": 2019,
    "list_price": 1999.99
  },
  {
    "product_id": "RDB319",
    "product_name": "Trek Checkpoint SL 5 Women's - 2019",
    "brand_name": "Trek",
    "category_name": "Road Bikes",
    "model_year": 2019,
    "list_price": 2799.99
  },
  {
    "product_id": "RDB320",
    "product_name": "Trek Checkpoint SL 6 - 2019",
    "brand_name": "Trek",
    "category_name": "Road Bikes",
    "model_year": 2019,
    "list_price": 3799.99
  },
  {
    "product_id": "RDB321",
    "product_name": "Trek Checkpoint ALR Frameset - 2019",
    "brand_name": "Trek",
    "category_name": "Road Bikes",
    "model_year": 2019,
    "list_price": 3199.99
  }
]